username,name,email
user1,Emma Johnson,emma.johnson@example.com
user2,Liam Smith,liam.smith@example.com
user3,Olivia Williams,olivia.williams@example.com
user4,Noah Brown,noah.brown@example.com
user5,Ava Jones,ava.jones@example.com
user6,Elijah Garcia,elijah.garcia@example.com
user7,Sophia Miller,sophia.miller@example.com
user8,James Davis,james.davis@example.com
user9,Isabella Rodriguez,isabella.rodriguez@example.com
user10,Benjamin Martinez,benjamin.martinez@example.com
user11,Mia Hernandez,mia.hernandez@example.com
user12,Lucas Lopez,lucas.lopez@example.com
user13,Charlotte Gonzalez,charlotte.gonzalez@example.com
user14,Henry Wilson,henry.wilson@example.com
user15,Amelia Anderson,amelia.anderson@example.com
user16,Alexander Thomas,alexander.thomas@example.com
user17,Harper Taylor,harper.taylor@example.com
user18,Sebastian Moore,sebastian.moore@example.com
user19,Evelyn Jackson,evelyn.jackson@example.com
user20,Jack Martin,jack.martin@example.com
user21,Abigail Lee,abigail.lee@example.com
user22,Aiden Perez,aiden.perez@example.com
user23,Emily Thompson,emily.thompson@example.com
user24,Matthew White,matthew.white@example.com
user25,Ella Harris,ella.harris@example.com
user26,Joseph Sanchez,joseph.sanchez@example.com
user27,Scarlett Clark,scarlett.clark@example.com
user28,David Ramirez,david.ramirez@example.com
user29,Grace Lewis,grace.lewis@example.com
user30,Carter Robinson,carter.robinson@example.com
user31,Chloe Walker,chloe.walker@example.com
user32,Owen Young,owen.young@example.com
user33,Victoria Allen,victoria.allen@example.com
user34,Wyatt King,wyatt.king@example.com
user35,Riley Wright,riley.wright@example.com
user36,John Scott,john.scott@example.com
user37,Aria Torres,aria.torres@example.com
user38,Dylan Nguyen,dylan.nguyen@example.com
user39,Zoey Hill,zoey.hill@example.com
user40,Gabriel Flores,gabriel.flores@example.com
user41,Penelope Green,penelope.green@example.com
user42,Julian Adams,julian.adams@example.com
user43,Layla Nelson,layla.nelson@example.com
user44,Leo Baker,leo.baker@example.com
user45,Nora Hall,nora.hall@example.com
user46,Isaac Rivera,isaac.rivera@example.com
user47,Lily Campbell,lily.campbell@example.com
user48,Lincoln Mitchell,lincoln.mitchell@example.com
user49,Stella Roberts,stella.roberts@example.com
user50,Grayson Carter,grayson.carter@example.com
